Stock Code,Company Name,URL
5250,7-ELEVEN MALAYSIA HOLDINGS BERHAD,http://www.7eleven.com.my
7214,A-RANK BERHAD,http://www.arank.com.my
7086,ABLEGROUP BERHAD,http://www.ablegroup.com.my/
5198,ABM FUJIYA BERHAD,http://www.abmfujiya.com.my
7131,ACME HOLDINGS BERHAD,https://www.acmeholdings.com.my
7120,ACOUSTECH BERHAD,http://www.acoustech.com.my/
1481,ADVANCE SYNERGY BERHAD,http://www.asb.com.my
5281,ADVANCECON HOLDINGS BERHAD,http://www.advancecon.com.my/
9148,ADVANCED PACKAGING TECHNOLOGY (M) BHD,http://www.advancedpack.com.my
7191,ADVENTA BERHAD,http://www.adventa.com.my
7146,AE MULTI HOLDINGS BERHAD,http://www.amallionpcb.com
6599,AEON CO. (M) BHD,http://www.aeonretail.com.my
5139,AEON CREDIT SERVICE (M) BERHAD,https://www.aeoncredit.com.my/
5185,AFFIN BANK BERHAD,http://www.affin.com.my
7145,PRINSIPTEK CORPORATION BERHAD,http://www.prinsiptek.com
7315,AHB HOLDINGS BERHAD,http://www.ahb.com.my
7078,AHMAD ZAKI RESOURCES BERHAD,http://www.azrb.com
5099,AIRASIA GROUP BERHAD,http://www.airasia.com
5238,AirAsia X Berhad,http://www.airasiax.com
2658,AJINOMOTO (MALAYSIA) BERHAD,http://www.ajinomoto.com.my
7609,AJIYA BERHAD,http://www.ajiya.com
5116,AL-AQAR HEALTHCARE REIT,http://www.alaqar.com.my/
5269,AL-SALAM REAL ESTATE INVESTMENT TRUST,http://www.alsalamreit.com.my
5115,ALAM MARITIM RESOURCES BERHAD,http://www.alam-maritim.com.my
2674,ALCOM GROUP BERHAD,http://www.alcom.com.my
2488,ALLIANCE BANK MALAYSIA BERHAD,http://www.alliancebank.com.my/
1163,ALLIANZ MALAYSIA BERHAD,http://www.allianz.com.my
2682,AMALGAMATED INDUSTRIAL STEEL BERHAD,http://www.aisberhad.com.my
4952,AMANAH HARTA TANAH PNB,http://www.ahp.com.my
5127,AMANAHRAYA REAL ESTATE INVESTMENT TRUST,http://www.arrm.com.my
1007,AMCORP PROPERTIES BERHAD,http://www.amcorpproperties.com
5293,AME ELITE CONSORTIUM BERHAD,https://ame-elite.com
5120,AMFIRST REAL ESTATE INVESTMENT TRUST,http://www.amfirstreit.com.my
1015,AMMB HOLDINGS BERHAD,http://www.ambankgroup.com
7031,AMTEL HOLDINGS BERHAD,http://www.amtel.com.my
5959,AMVERTON BERHAD,http://www.amverton.com/
6351,AMWAY (MALAYSIA) HOLDINGS BERHAD,http://www.amway2u.com
7083,ANALABS RESOURCES BERHAD,http://www.analabs.com.my
4758,ANCOM BERHAD,http://www.ancom.com.my
6556,ANN JOO RESOURCES BERHAD,http://www.annjoo.com.my
9342,ANZO HOLDINGS BERHAD,http://www.harvestcourt.com
5568,APB RESOURCES BERHAD,http://www.apb-resources.com
5088,APEX EQUITY HOLDINGS BERHAD,http://www.apexequity.com.my/cms/main.php
7090,APEX HEALTHCARE BERHAD,http://www.apexhealthcare.com.my/
5194,APFT BERHAD,http://www.apft.com.my
5015,APM AUTOMOTIVE HOLDINGS BERHAD,http://www.apm-automotive.com
6432,APOLLO FOOD HOLDINGS BERHAD,http://www.apollofood.com.my
7181,ARB BERHAD,http://www.aturmaju.com.my/
7007,ARK RESOURCES HOLDINGS BERHAD,http://www.ark-resources.com.my
7722,ASIA BRANDS BERHAD,http://www.asiabrands.com.my
7129,ASIA FILE CORPORATION BHD,http://www.asia-file.com
0159,ASIA MEDIA GROUP BERHAD,http://www.asiamedia.net.my
4057,ASIAN PAC HOLDINGS BERHAD,http://www.asianpac.com.my
7162,ASTINO BERHAD,http://www.astino.com.my
7054,ASTRAL ASIA BERHAD,http://www.astralasia.com
6399,ASTRO MALAYSIA HOLDINGS BERHAD,http://www.astromalaysia.com.my
8176,ATA IMS BERHAD,http://denko.com.my
7048,ATLAN HOLDINGS BHD,http://www.atlan.com.my/
5130,ATRIUM REAL ESTATE INVESTMENT TRUST,http://www.atriumreit.com.my/
7099,ATTA GLOBAL GROUP BERHAD,http://www.attaglobalgroup.com/
8885,AVILLION BERHAD,http://www.avillion.com/
7579,AWC BERHAD,http://www.awc.com.my
6888,AXIATA GROUP BERHAD,http://www.axiata.com
5106,AXIS REAL ESTATE INVESTMENT TRUST,http://www.axis-reit.com.my
2305,AYER HOLDINGS BERHAD,http://www.tahps.com.my
5021,AYS VENTURES BERHAD,http://www.ays-group.com
7005,B.I.G. INDUSTRIES BERHAD,http://www.bigind.com.my
7251,BARAKAH OFFSHORE PETROLEUM BERHAD,http://www.barakahpetroleum.com
1899,BATU KAWAN BERHAD,http://www.bkawan.com.my
6602,BCB BERHAD,http://www.bcbbhd.com.my
5190,BENALEC HOLDINGS BERHAD,http://www.benalec.com.my
3239,BERJAYA ASSETS BERHAD,http://www.berjaya.com.my
3395,BERJAYA CORPORATION BERHAD,http://www.berjaya.com.my
5196,BERJAYA FOOD BERHAD,http://www.berjaya.com
4219,BERJAYA LAND BERHAD,http://www.berjaya.com.my
6025,BERJAYA MEDIA BERHAD,http://www.berjaya.com.my
1562,BERJAYA SPORTS TOTO BERHAD,http://www.berjaya.com.my
5248,BERMAZ AUTO BERHAD,http://www.bauto.com.my
9814,BERTAM ALLIANCE BERHAD,http://www.bertamalliance.com
5258,BIMB HOLDINGS BERHAD,http://www.bimbholdings.com
6173,BINA DARULAMAN BERHAD,http://www.bdb.com.my/
5932,BINA PURI HOLDINGS BHD,http://www.binapuri.com.my
6998,BINTAI KINDEN CORPORATION BERHAD,http://www.bintai.com.my
5032,BINTULU PORT HOLDINGS BERHAD,http://www.bintuluport.com.my/
5069,BLD PLANTATION BHD.,http://www.bld.com.my
0168,BOILERMECH HOLDINGS BERHAD,http://www.boilermech.com
9288,BONIA CORPORATION BERHAD,http://www.bonia.com
7036,BORNEO OIL BERHAD,http://www.borneo-oil.com.my
8133,BOUSTEAD HEAVY INDUSTRIES CORPORATION BHD,http://www.bhic.com.my
2771,BOUSTEAD HOLDINGS BERHAD,http://www.boustead.com.my/
5254,BOUSTEAD PLANTATIONS BERHAD,http://www.bousteadplantations.com.my
6297,BOX-PAK (MALAYSIA) BERHAD,http://www.boxpak.com.my
5100,BP PLASTICS HOLDING BHD,http://www.bpplas.com
9474,BRAHIM'S HOLDINGS BERHAD,http://www.tamadam.com
8761,BREM HOLDING BERHAD,http://www.bremholding.com
9938,BRIGHT PACKAGING INDUSTRY BERHAD,http://www.brightpack.net/
4162,BRITISH AMERICAN TOBACCO (MALAYSIA) BERHAD,http://www.batmalaysia.com
7221,BSL CORPORATION BERHAD,http://www.bslcorp.com.my
7188,BTM RESOURCES BERHAD,http://www.btmresorces.com.my
5210,BUMI ARMADA BERHAD,http://www.bumiarmada.com
1818,BURSA MALAYSIA BERHAD,http://www.bursamalaysia.com
2828,C.I. HOLDINGS BERHAD,http://www.cih.com.my
7174,CAB CAKARAN CORPORATION BERHAD,http://www.cab.com.my
7154,CAELY HOLDINGS BHD,http://www.caelyholdings.com
2852,CAHYA MATA SARAWAK BERHAD,http://www.cmsb.com.my/
7128,CAM RESOURCES BERHAD,http://www.camres.com.my
5105,CAN-ONE BERHAD,http://www.canone.com.my
5180,CAPITALAND MALAYSIA MALL TRUST,http://www.capitamallsmalaysia.com
5257,CARIMIN PETROLEUM BERHAD,http://www.carimin.com/
5245,CARING PHARMACY GROUP BERHAD,http://www.caring2u.com.my
2836,CARLSBERG BREWERY MALAYSIA BERHAD,http://www.carlsbergmalaysia.com.my
7076,CB INDUSTRIAL PRODUCT HOLDING BERHAD,http://www.cbip.com.my
7035,CCK CONSOLIDATED HOLDINGS BERHAD,http://www.cck.com.my/
5195,CENSOF HOLDINGS BERHAD,http://www.censof.com
8052,CENTRAL GLOBAL BERHAD,http://www.cicb.com.my
8982,CEPATWAWASAN GROUP BERHAD,http://www.cepatgroup.com
7209,CHEETAH HOLDINGS BERHAD,http://www.cheetah.com.my
2879,CHEMICAL COMPANY OF MALAYSIA BERHAD,http://www.ccmberhad.com
5273,CHIN HIN GROUP BERHAD,http://www.chinhingroup.com/
7187,CHIN HIN GROUP PROPERTY BERHAD,http://www.boonkoon.com
1929,CHIN TECK PLANTATIONS BERHAD,http://www.chinteck.com.my
5007,CHIN WELL HOLDINGS BERHAD,http://www.chinwell.com.my
5229,CHINA AUTOMOBILE PARTS HOLDINGS LIMITED ,http://www.china-autoparts.biz
5188,CHINA OUHUA WINERY HOLDINGS LIMITED,http://www.ohuawine.com.my
5797,CHOO BEE METAL INDUSTRIES BHD,http://www.choobee.com.my
7016,CHUAN HUAT RESOURCES BHD,http://www.chuanhuat.com.my
1023,CIMB GROUP HOLDINGS BERHAD,http://www.cimb.com/
7117,CJ CENTURY LOGISTICS HOLDINGS BERHAD,http://www.century.com.my
7202,CLASSIC SCENIC BERHAD,http://www.classicscenic.com
7018,CME GROUP BERHAD,http://www.cme.com.my
7986,CN ASIA CORPORATION BHD,http://www.cnasia.com
5104,CNI HOLDINGS BERHAD,http://www.cniholdings.com.my
5071,COASTAL CONTRACTS BHD,http://www.coastalcontracts.com
7205,COCOALAND HOLDINGS BERHAD,http://www.cocoaland.com
2127,COMFORT GLOVES BERHAD,http://www.ircb.com.my
7195,COMINTEL CORPORATION BHD,http://www.comcorp.com.my
5136,COMPLETE LOGISTIC SERVICES BERHAD,http://www.complete-group.com
5037,COMPUGATES HOLDINGS BERHAD,http://www.compugates.com
8044,COMPUTER FORMS (MALAYSIA) BERHAD,http://www.cfm.com.my
8435,CONCRETE ENGINEERING PRODUCTS BERHAD,http://www.cepco.com.my
5738,COUNTRY HEIGHTS HOLDINGS BHD,http://www.countryheights.com.my
5049,COUNTRY VIEW BERHAD,http://www.countryview.com.my
6718,CRESCENDO CORPORATION BERHAD,http://www.crescendo.com.my/
8591,CREST BUILDER HOLDINGS BERHAD,http://www.crestbuilder.com.my
5094,CSC STEEL HOLDINGS BERHAD,http://www.cscmalaysia.com
0051,CUSCAPI BERHAD,http://www.cuscapi.com
9423,CWG HOLDINGS BERHAD,http://www.cwgholdings.com.my
2925,CYCLE & CARRIAGE BINTANG BERHAD,http://www.cyclecarriage.com.my/
7157,CYL CORPORATION BERHAD,http://www.cylcorporation.com
5082,CYMAO HOLDINGS BERHAD,http://www.cymao.com/
5184,CYPARK RESOURCES BERHAD,http://www.crbenv.com
7204,D&O GREEN TECHNOLOGIES BERHAD,http://www.do.com.my
7179,D.B.E. GURNEY RESOURCES BERHAD,http://www.dbegurney.com
4456,DAGANG NEXCHANGE BERHAD,http://www.dnex.com.my
8125,DAIBOCHI BERHAD,http://www.daibochiplastic.com/
3484,DAMANSARA REALTY BHD,http://www.dbhd.com.my/
5276,DANCOMECH HOLDINGS BERHAD,http://www.dancomech.com.my
8338,DATAPREP HOLDINGS BHD,http://www.dp.com.my
5216,DATASONIC GROUP BERHAD,http://datasonic.com.my
0091,DAYA MATERIALS BERHAD,http://www.dayagroup.com.my
5141,DAYANG ENTERPRISE HOLDINGS BERHAD,http://www.desb.net
7119,DEGEM BERHAD,http://www.degembhd.com
5132,DELEUM BERHAD,http://www.deleum.com
7212,DESTINI BERHAD,http://www.destinigroup.com
7277,DIALOG GROUP BERHAD,http://www.dialogasia.com
6947,DIGI.COM BERHAD,http://www.digi.com.my
0029,DIGISTAR CORPORATION BERHAD,http://www.digistar.com.my
7528,DKLS INDUSTRIES BHD,http://www.dkls.com.my
5908,DKSH HOLDINGS (MALAYSIA) BERHAD, http://www.dksh.com.my
7114,D'NONCE TECHNOLOGY BHD,http://www.dnoncetech.com
5835,DOLOMITE CORPORATION BERHAD,http://www.dolomite.com.my
5265,DOLPHIN INTERNATIONAL BERHAD,http://dolphinbhd.com/
7169,DOMINANT ENTERPRISE BERHAD,http://www.dominant.com.my
7198,DPS RESOURCES BERHAD,http://www.shantawood.com.my/
1619,DRB-HICOM BERHAD,http://www.drb-hicom.com
7233,DUFU TECHNOLOGY CORP. BERHAD,http://www.dufu.com.my
7148,DUOPHARMA BIOTECH BERHAD,https://www.duopharmabiotech.com 
3948,DUTALAND BERHAD,http://www.dutaland.com.my/
3026,DUTCH LADY MILK INDUSTRIES BERHAD,http://www.dutchlady.com.my
7165,DWL RESOURCES BERHAD,http://www.asian-pottery.com/
5178,DYNACIATE GROUP BERHAD,https://dynaciate.com.my/
5259,E.A.TECHNIQUE (M) BERHAD,http://www.eatechnique.com.my
3417,EASTERN & ORIENTAL BERHAD,http://www.easternandoriental.com
2097,EASTLAND EQUITY BHD,http://www.eeb.com.my
2143,ECM LIBRA FINANCIAL GROUP BERHAD,http://www.ecmlibra.com
8206,ECO WORLD DEVELOPMENT GROUP BERHAD,http://www.ecoworld.my
5283,ECO WORLD INTERNATIONAL BERHAD,http://ecoworldinternational.com/
0059,ECOBUILT HOLDINGS BERHAD,http://www.mmode.com.my
3557,ECOFIRST CONSOLIDATED BHD,http://www.ecofirst.com.my
5253,ECONPILE HOLDINGS BERHAD,http://www.econpile.com
5036,EDARAN BERHAD,http://www.edaran.com
7471,EDEN INC. BERHAD,http://www.edenzil.com
0064,EFFICIENT E-SOLUTIONS BERHAD,http://www.efficient.com.my
8907,EG INDUSTRIES BERHAD,http://www.eg.com.my
5208,EITA RESOURCES BERHAD,http://www.eita.com.my
7182,EKA NOODLES BERHAD,http://www.krb.com.my
8877,EKOVEST BERHAD,http://www.ekovest.com.my/
9016,EKSONS CORPORATION BERHAD,http://www.eksons.com.my
5228,ELK-DESA RESOURCES BERHAD,http://www.elk-desa.com.my
0090,ELSOFT RESEARCH BERHAD,http://www.elsoftresearch.com
9091,EMICO HOLDINGS BERHAD,http://www.emico.com.my
6076,ENCORP BERHAD,http://www.encorp.com.my/
7149,ENG KAH CORPORATION BERHAD,http://www.eng-kah.com
5056,ENGTEX GROUP BERHAD,http://www.engtex.com.my
8613,ENRA GROUP BERHAD,http://www.enra.my
7217,EONMETALL GROUP BERHAD,http://www.eonmetall.com
7773,EP MANUFACTURING BHD,http://www.epmb.com.my
5081,ESTHETICS INTERNATIONAL GROUP BERHAD,http://www.estheticsgroup.com
6815,EUPE CORPORATION BERHAD,http://www.eupe.com.my
7208,EURO HOLDINGS BERHAD,http://www.eurochairs.com
7094,EUROSPAN HOLDINGS BERHAD,http://www.eurospan.com.my
5101,EVERGREEN FIBREBOARD BERHAD,http://www.evergreengroup.com.my
5205,EVERSENDAI CORPORATION BERHAD,http://www.eversendai.com
7249,EWEIN BERHAD,http://www.eweinberhad.com/
0065,EXCEL FORCE MSC BERHAD,http://www.excelforce.com.my
2984,FACB INDUSTRIES INCORPORATED BERHAD,http://www.facbi.com
7047,FAJARBARU BUILDER GROUP BHD,http://fajarbaru.com.my/
5029,FAR EAST HOLDINGS BERHAD,http://www.fehb.com.my/
6041,FARLIM GROUP (MALAYSIA) BHD,http://www.farlim.com.my
7229,FAVELLE FAVCO BERHAD,http://www.favellefavco.com
2755,FCW HOLDINGS BERHAD,http://www.fcw.com.my
8605,FEDERAL INTERNATIONAL HOLDINGS BERHAD,http://www.ffhb.com.my
5222,FGV HOLDINGS BERHAD,http://www.feldaglobal.com/
6939,FIAMMA HOLDINGS BERHAD,http://www.fiamma.com.my
0149,FIBON BERHAD,http://www.fibon.com.my/
3107,FIMA CORPORATION BERHAD,http://www.fimacorp.com
9318,FITTERS DIVERSIFIED BERHAD,http://www.fittersgroup.com
5197,FOCUS LUMBER BERHAD,http://www.focuslumber.com.my
9172,FORMOSA PROSONIC INDUSTRIES BERHAD,http://www.fp-group.com
5277,FOUNDPAC GROUP BERHAD,http://www.foundpac.com/
3689,FRASER & NEAVE HOLDINGS BHD,http://www.fn.com.my
7210,FREIGHT MANAGEMENT HOLDINGS BERHAD,http://www.fp-group.com/prosonic/
0128,FRONTKEN CORPORATION BERHAD,http://www.frontken.com
9377,FSBM HOLDINGS BERHAD,http://www.fsbm.com.my/
7184,G3 GLOBAL BERHAD,http://www.g3global.com.my
5226,GABUNGAN AQRS BERHAD,http://www.gbg.com.my/
9261,GADANG HOLDINGS BHD,http://www.gadang.com.my
5398,GAMUDA BERHAD,http://www.gamuda.com.my
5209,GAS MALAYSIA BERHAD,http://www.gasmalaysia.com
0078,GD EXPRESS CARRIER BERHAD,http://www.gdexpress.com
7197,GE-SHEN CORPORATION BERHAD,http://www.gscorp.com.my/
3182,GENTING BERHAD,http://www.genting.com
4715,GENTING MALAYSIA BERHAD,http://www.gentingmalaysia.com
2291,GENTING PLANTATIONS BERHAD,http://www.gentingplantations.com
3204,GEORGE KENT (MALAYSIA) BERHAD,http://www.georgekent.net
5079,GETS GLOBAL BERHAD,http://www.kbes.com.my
0021,GHL SYSTEMS BERHAD,http://www.ghl.com
1147,GLOBAL ORIENTAL BERHAD,http://www.gob.com.my
5220,GLOBALTEC FORMATION BERHAD,http://www.globaltec.com.my
7022,GLOBETRONICS TECHNOLOGY BERHAD,http://www.globetronics.com.my
5020,GLOMAC BERHAD,http://www.glomac.com.my
7382,GOLDEN LAND BERHAD,http://www.glbhd.com
5649,GOLDEN PHAROS BERHAD,http://www.goldenpharos.com
7192,GOODWAY INTEGRATED INDUSTRIES BERHAD,http://www.giibworld.com/
2135,GOPENG BERHAD,http://www.gopeng.com.my/
7096,GPA HOLDINGS BERHAD,http://www.gp-products.com
5592,GRAND CENTRAL ENTERPRISES BHD,http://www.gcebhd.com.my
7010,GRAND HOOVER BERHAD,http://www.hoover.com.my 
0056,GRAND-FLO BERHAD,http://www.grand-flo.com
0082,GREEN PACKET BERHAD,http://www.greenpacket.com
0136,GREENYIELD BERHAD,http://www.greenyield.com.my
9962,GROMUTUAL BERHAD,http://www.gromutual.com
7077,GSB GROUP BERHAD,http://www.gsbsummit.com
5102,GUAN CHONG BERHAD,http://www.guanchong.com.my
3247,GUH HOLDINGS BERHAD,http://www.guh.com.my
7676,GUNUNG CAPITAL BERHAD,http://www.gunung.com.my
1503,GUOCOLAND (MALAYSIA) BERHAD,http://www.guocoland.com.my
7668,HAI-O ENTERPRISE BERHAD,http://www.hai-o.com.my
7253,HANDAL ENERGY BERHAD,http://www.handalresources.com.my
3034,HAP SENG CONSOLIDATED BERHAD,http://www.hapseng.com.my
5138,HAP SENG PLANTATIONS HOLDINGS BERHAD,http://www.hapsengplantations.com.my
2062,HARBOUR-LINK GROUP BERHAD,http://www.harbour.com.my
7501,HARN LEN CORPORATION BHD,http://harnlen.com.my/
5008,HARRISONS HOLDINGS (MALAYSIA) BERHAD,http://www.harrisons.com.my
5168,HARTALEGA HOLDINGS BERHAD,http://www.hartalega.com.my/
5187,HB GLOBAL LIMITED,https://www.hbglobal.asia/
7105,HCK CAPITAL GROUP BERHAD,http://www.hckcapital.com
3255,HEINEKEN MALAYSIA BERHAD,http://www.gab.com.my
5028,HEITECH PADU BERHAD,http://www.heitech.com.my/v2/
5121,HEKTAR REAL ESTATE INVESTMENT TRUST,http://www.HektarREIT.com
4324,HENGYUAN REFINING COMPANY BERHAD,http://www.hrc.com.my/
5095,HEVEABOARD BERHAD,http://www.heveaboard.com.my
5151,HEXTAR GLOBAL BERHAD,http://www.halex-group.com
3298,HEXZA CORPORATION BERHAD,http://www.hexza.com.my
5072,HIAP TECK VENTURE BERHAD,http://www.htgrp.com.my
5199,HIBISCUS PETROLEUM BERHAD,http://www.hibiscuspetroleum.com
8443,HIL INDUSTRIES BERHAD,http://www.hil.com.my
5169,HO HUP CONSTRUCTION COMPANY BHD,http://www.hohupgroup.com.my/
9601,HO WAH GENTING BERHAD,http://www.hwgenting.com.my
5165,HOCK HENG STONE INDUSTRIES BHD,http://www.hockheng.com.my
6238,HOCK SENG LEE BERHAD,http://www.hsl.com.my
5160,HOMERITZ CORPORATION BERHAD,http://www.homeritzcorp.com
5819,HONG LEONG BANK BERHAD,http://www.hlb.com.my
5274,HONG LEONG CAPITAL BERHAD,http://www.hlgcap.com.my
1082,HONG LEONG FINANCIAL GROUP BERHAD,http://www.hlfg.com.my
3301,HONG LEONG INDUSTRIES BERHAD,http://www.hli.com.my
5291,HPMT HOLDINGS BERHAD,https://www.hpmt-industries.com/
0185,HSS ENGINEERS BERHAD,http://www.hssgroup.com.my/
5062,HUA YANG BERHAD,http://www.huayang.com.my
7013,HUBLINE BERHAD,http://www.hubline.com
5000,HUME INDUSTRIES BERHAD,http://www.humeind.com/
5024,HUP SENG INDUSTRIES BERHAD,http://www.hsib.com.my/
8478,HWA TAI INDUSTRIES BERHAD,http://www.hwatai.com
4251,I-BERHAD,http://www.i-bhd.com
5084,IBRACO BERHAD,http://www.ibraco.com
5108,ICAPITAL.BIZ BERHAD,http://www.icapital.my
5255,ICON OFFSHORE BERHAD,http://www.iconoffshore.com.my
9113,ICONIC WORLDWIDE BERHAD,http://www.sanbumi.com.my
9687,IDEAL UNITED BINTANG INTERNATIONAL BERHAD,http://www.idealubb.cc/
5606,IGB BERHAD,http://www.igbbhd.com/
5227,IGB REAL ESTATE INVESTMENT TRUST,http://www.igbreit.com/
5225,IHH HEALTHCARE BERHAD,http://www.ihhhealthcare.com/
3336,IJM CORPORATION BERHAD,http://www.ijm.com/
2216,IJM PLANTATIONS BERHAD,http://www.ijm.com/
5268,IKHMAS JAYA GROUP BERHAD,http://www.ikhmasjaya.com/
7222,IMASPRO CORPORATION BERHAD,http://www.imaspro.com/
7243,IMPIANA HOTELS BERHAD,http://www.bioosmobhd.com
0166,INARI AMERTRON BERHAD,http://www.inari-amertron.com
2607,INCH KENNETH KAJANG RUBBER PUBLIC LTD CO,http://www.ikkr.com.my
9393,INDUSTRONICS BERHAD,http://www.industronics.com.my
6262,INNOPRISE PLANTATIONS BERHAD,http://innoprise.com.my/
3379,INSAS BERHAD,http://www.insas.net
0192,INTA BINA GROUP BERHAD,http://intabina.com/
5614,INTEGRATED LOGISTICS BHD,http://www.ilb.com.my
1961,IOI CORPORATION BERHAD,http://www.ioigroup.com
5249,IOI PROPERTIES GROUP BERHAD,http://www.ioipropertiesgroup.com
5673,IPMUDA BERHAD,http://www.ipmuda.com.my
5107,IQ GROUP HOLDINGS BERHAD,http://www.iq-group.com
7183,IRE-TEX CORPORATION BERHAD,http://www.iretex.com.my/
8834,IREKA CORPORATION BERHAD,http://www.ireka.com.my
1589,ISKANDAR WATERFRONT CITY BERHAD,http://www.tebrauteguh.com.my
5175,IVORY PROPERTIES GROUP BERHAD,http://www.ivory.com.my
7043,JADE MARVEL GROUP BERHAD,http://www.jmr.com.my
7223,JADI IMAGING HOLDINGS BERHAD,http://www.jadi.com.my
4723,JAKS RESOURCES BERHAD,http://www.jaks.com.my
8648,JASA KITA BERHAD,http://www.jasakita.com.my
4383,JAYA TIASA HOLDINGS BHD,http://www.jayatiasa.net
7152,JAYCORP BERHAD,http://www.jaycorp.com.my
0058,JCBNEXT BERHAD,http://jcbnext.com/
5161,JCY INTERNATIONAL BERHAD,http://www.jcyinternational.com
8931,JERASIA CAPITAL BERHAD,http://www.jerasia.biz
8923,JIANKUN INTERNATIONAL BERHAD,http://www.jki.com.my/
6769,JKG LAND BERHAD,http://www.keladimaju.com
3441,JOHAN HOLDINGS BERHAD,http://www.johanholdings.com
7167,JOHORE TIN BERHAD,http://www.johoretin.com.my/
5172,K-STAR SPORTS LIMITED,http://www.kstarsports.com
5192,K.SENG SENG CORPORATION BERHAD,http://www.kssc.com.my
8672,KAMDAR GROUP (M) BERHAD,http://www.kamdar.com.my
5247,KAREX BERHAD,http://www.karex.com.my
0054,KARYON INDUSTRIES BERHAD,http://www.karyongroup.com.my
7216,KAWAN FOOD BERHAD,http://www.kawanfood.com/
3476,KECK SENG (MALAYSIA) BERHAD,http://www.my.keckseng.com
7199,KEIN HING INTERNATIONAL BERHAD,http://www.keinhing.com
0151,KELINGTON GROUP BERHAD,http://www.kelington-group.com/
7323,KEN HOLDINGS BERHAD,http://www.kenholdings.com.my
6483,KENANGA INVESTMENT BANK BERHAD,http://www.kenanga.com.my
7161,KERJAYA PROSPEK GROUP BERHAD,http://www.fututech.com.my
9334,KESM INDUSTRIES BERHAD,http://www.kesmi.com
0143,KEY ASIC BERHAD,http://www.keyasic.com
6203,KHEE SAN BERHAD,http://www.kheesan.com
7062,KHIND HOLDINGS BERHAD,http://www.khind.com
6211,KIA LIM BERHAD,http://www.kialim.com.my
5371,KIM HIN INDUSTRY BERHAD,http://www.kimhin.com.my
5027,KIM LOONG RESOURCES BERHAD,http://www.kimloong.com.my/
5171,KIMLUN CORPORATION BERHAD,http://www.kimlun.com
5060,KINSTEEL BHD,http://www.kinsteel.com.my
5280,KIP REAL ESTATE INVESTMENT TRUST,http://www.kipreit.com.my/
9466,KKB ENGINEERING BERHAD,http://www.kkbeb.com.my/
5235SS,KLCC REAL ESTATE INVESTMENT TRUST ,http://www.klcc.com.my
2453,KLUANG RUBBER COMPANY (MALAYA) BERHAD,http://www.kluangrubber.com
7164,KNM GROUP BERHAD,http://www.knm-group.com
5035,KNUSFORD BERHAD,http://www.knusford.com.my
6971,KOBAY TECHNOLOGY BERHAD,http://www.kobaytech.com
7017,KOMARKCORP BERHAD,http://www.komark.com.my
4847,KONSORTIUM TRANSNASIONAL BERHAD,http://www.ktb.com.my
7153,KOSSAN RUBBER INDUSTRIES BERHAD,http://www.kossan.com/
0002,KOTRA INDUSTRIES BERHAD,http://www.kotrapharma.com
5878,KPJ HEALTHCARE BERHAD,http://www.kpjhealth.com.my
9121,KPS CONSORTIUM BERHAD,http://www.kpscb.com.my
1996,KRETAM HOLDINGS BERHAD,http://www.kretam.com
5038,KSL HOLDINGS BERHAD,http://www.ksl.net.my/
2445,KUALA LUMPUR KEPONG BERHAD,http://www.klk.com.my
6874,KUB MALAYSIA BERHAD,http://www.kub.com.my/
2186,KUCHAI DEVELOPMENT BERHAD,http://www.kuchaidevelopment.com
6491,KUMPULAN FIMA BERHAD,http://www.fima.com.my/
7033,KUMPULAN H & L HIGH-TECH BERHAD,http://www.hlhightech.com
9083,KUMPULAN JETSON BERHAD,http://www.jetson.com.my
5843,KUMPULAN PERANGSANG SELANGOR BERHAD,http://www.kps.com.my/
7130,KUMPULAN POWERNET BERHAD,http://www.powernet.com.my
6572,KWANTAS CORPORATION BERHAD,http://www.kwantas.com.my
8362,KYM HOLDINGS BERHAD,http://www.kym.com.my
3174,LAND & GENERAL BERHAD,http://www.land-general.com
1643,LANDMARKS BERHAD,http://www.landmarks.com.my
7006,LATITUDE TREE HOLDINGS BERHAD,http://www.lattree.com
9385,LAY HONG BERHAD,http://www.layhong.com.my
9326,LB ALUMINIUM BERHAD,http://www.lbalum.com
8494,LBI CAPITAL BERHAD,http://www.lbi-capital.com.my
5789,LBS BINA GROUP BERHAD,http://www.lbs.com.my
9881,LEADER STEEL HOLDINGS BERHAD,http://www.leadersteel.my/
9628,LEBTECH BERHAD,http://www.lebtech.com.my/annual.htm
8079,LEE SWEE KIAT GROUP BERHAD,http://www.lsk.com.my
5232,LEON FUAT BERHAD,http://www.leonfuat.com.my
6633,LEONG HUP INTERNATIONAL BERHAD,https://www.leonghupinternational.com/
8745,LEWEKO RESOURCES BERHAD,https://www.leweko.com/
7170,LFE CORPORATION BERHAD,http://www.lfe.com.my
3573,LIEN HOE CORPORATION BERHAD,http://www.lienhoe.com.my
7089,LII HEN INDUSTRIES BHD.,http://www.liihenfurniture.com/
6645,LINGKARAN TRANS KOTA HOLDINGS BERHAD,http://www.litrak.com.my
4235,LION INDUSTRIES CORPORATION BERHAD,http://www.lion.com.my/lionind
8486,LION FOREST INDUSTRIES BERHAD,http://www.lion.com.my/lionfib
7126,LONDON BISCUITS BERHAD,http://www.londonbiscuits.com.my
5284,LOTTE CHEMICAL TITAN HOLDING BERHAD,http://www.lottechem.my/
8303,LOTUS KFM BERHAD,http://www.kfmb.com.my
8621,LPI CAPITAL BHD,http://www.lonpac.com
7085,LTKM BERHAD,http://www.ltkm.com.my
5068,LUSTER INDUSTRIES BHD.,http://www.lustergroup.com
5143,LUXCHEM CORPORATION BERHAD,http://www.luxchem.com.my
9199,LYSAGHT GALVANIZED STEEL BERHAD,http://lysaghtgalvanizedsteelbhd.com/
1198,MAA GROUP BERHAD,https://www.maa.my
7617,MAGNA PRIMA BERHAD,http://www.magnaprima.com.my/
7087,MAGNI-TECH INDUSTRIES BERHAD,http://www.magni-tech.com.my
3859,MAGNUM BERHAD,http://www.magnum.com.my
8583,MAH SING GROUP BERHAD,http://www.mahsing.com.my
8141,MAJUPERAK HOLDINGS BERHAD,http://www.majuperak.com.my/
5264,MALAKOFF CORPORATION BERHAD,http://www.malakoff.com.my/
1155,MALAYAN BANKING BERHAD,http://www.maybank.com
3794,MALAYAN CEMENT BERHAD,http://ytlcement.my/
3662,MALAYAN FLOUR MILLS BERHAD,http://www.mfm.com.my
3891,MALAYAN UNITED INDUSTRIES BERHAD,http://www.muiglobal.com
5014,MALAYSIA AIRPORTS HOLDINGS BERHAD,http://www.malaysiaairports.com.my
1171,MALAYSIA BUILDING SOCIETY BERHAD,http://www.mbsb.com.my
5186,MALAYSIA MARINE AND HEAVY ENGINEERING HOLDINGS BERHAD,http://www.mhb.com.my
6548,MALAYSIA PACIFIC CORPORATION BERHAD,http://www.mpcb.com.my/
5916,MALAYSIA SMELTING CORPORATION BERHAD,http://www.msmelt.com
5098,MALAYSIA STEEL WORKS (KL) BHD,http://www.masteel.com.my
5077,MALAYSIAN BULK CARRIERS BERHAD,http://www.maybulk.com.my
3867,MALAYSIAN PACIFIC INDUSTRIES BERHAD,http://www.mpind.my
1651,MALAYSIAN RESOURCES CORPORATION BERHAD,http://www.mrcb.com.my/main/index.php
4936,MALPAC HOLDINGS BERHAD,http://www.malpac.com.my
6181,MALTON BERHAD,http://www.malton.com.my/
1058,MANULIFE HOLDINGS BERHAD,http://www.manulife.com.my
3514,MARCO HOLDINGS BERHAD,http://www.marcoholdings.com.my
5078,MARINE & GENERAL BERHAD,http://marine-general.com.my/
7029,MASTER-PACK GROUP BERHAD,http://www.master.net.my/
5236,MATRIX CONCEPTS HOLDINGS BERHAD,http://www.mchb.com.my
6012,MAXIS BERHAD,http://www.maxis.com.my/main.asp
7189,MB WORLD GROUP BERHAD,http://www.mbworld.com.my/
5983,MBM RESOURCES BHD,http://www.mbmr.com.my
7004,MCE HOLDINGS BERHAD,http://www.multicode.com.my
5182,MCT BERHAD,http://www.mct.com.my/
5090,MEDIA CHINESE INTERNATIONAL LIMITED,http://www.mediachinesegroup.com
4502,MEDIA PRIMA BERHAD,http://www.mediaprima.com.my
3069,MEGA FIRST CORPORATION BERHAD,http://www.mega-first.com
5129,MELATI EHSAN HOLDINGS BERHAD,http://www.melatiehsan.com.my
3778,MELEWAR INDUSTRIAL GROUP BERHAD,http://www.melewar-mig.com
1694,MENANG CORPORATION (M) BERHAD,http://www.menangcorporation.com
5223,MENTIGA CORPORATION BERHAD,http://www.mentiga.com.my/
8192,MERCURY INDUSTRIES BERHAD,http://www.mercury.com.my
5040,MERIDIAN BERHAD,http://www.meda.com.my
7234,MESB BERHAD,http://www.mesbbhd.com.my
5011,MESINIAGA BERHAD,http://www.mesiniaga.com.my
6149,METROD HOLDINGS BERHAD,http://www.metrod.com/
0043,METRONIC GLOBAL BERHAD,http://www.metronic-group.com
7595,MGB BERHAD,http://www.mgbgroup.com.my/
5026,MHC PLANTATIONS BHD,http://www.mhc.com.my
5286,MI TECHNOVATION BERHAD,https://www.mi-eq.com/
5001,MIECO CHIPBOARD BERHAD,http://www.mieco.com.my
7935,MILUX CORPORATION BERHAD,http://www.milux.com.my
5166,MINDA GLOBAL BERHAD,http://www.mindaglobal.com.my
7219,MINETECH RESOURCES BERHAD,http://www.minetech.com.my
5576,MINHO (M) BERHAD,http://www.minhobhd.com
5886,MINTYE BERHAD,http://www.mintye.com
3816,MISC BERHAD,http://www.misc.com.my/
9571,MITRAJAYA HOLDINGS BERHAD,http://www.mitrajaya.com.my
8893,MK LAND HOLDINGS BERHAD,http://www.mkland.com.my/corporate/
6114,MKH BERHAD,http://www.mkhberhad.com
2194,MMC CORPORATION BERHAD,http://www.mmc.com.my
0113,MMS VENTURES BERHAD,http://www.mmsv.com.my
6459,MNRB HOLDINGS BERHAD,http://www.mnrb.com.my
5237,MPHB Capital Berhad,http://www.mphbcap.com.my
5123,QUILL CAPITA TRUST,http://www.qct.com.my/
0041,MSCM HOLDINGS BERHAD,http://www.panpages.com
5202,MSM MALAYSIA HOLDINGS BERHAD,http://www.msmholdings.com
5924,MTD ACPI ENGINEERING BERHAD,http://www.mtdgrp.com
5152,MUAR BAN LEE GROUP BERHAD,http://www.mbl.com/
3883,MUDA HOLDINGS BERHAD,http://www.muda.com.my
5085,MUDAJAYA GROUP BERHAD,http://www.mudajaya.com
5703,MUHIBBAH ENGINEERING (M) BHD,http://www.muhibbah.com
3913,MUI PROPERTIES BERHAD,http://www.muiproperties.com.my
3905,MULPHA INTERNATIONAL BERHAD,http://www.mulpha.com.my
5150,MULTI SPORTS HOLDINGS LTD,http://www.multi-sports.com.cn
9539,MULTI-USAGE HOLDINGS BERHAD,http://www.muh.com.my
0138,MY E.G. SERVICES BERHAD,http://www.myeg.com.my
5087,MYCRON STEEL BERHAD,http://www.mycronsteel.com
5275,MYNEWS HOLDINGS BERHAD,http://www.bisonconsolidated.com/home/
5073,NAIM HOLDINGS BERHAD,https://www.naim.com.my
9806,NATIONWIDE EXPRESS HOLDINGS BERHAD,http://www.nationwide2u.com
2038,NEGRI SEMBILAN OIL PALMS BERHAD,http://www.nsop.com.my
4707,NESTLE (MALAYSIA) BERHAD,http://www.nestle.com.my/
7060,NEW HOONG FATT HOLDINGS BERHAD,http://www.newhoongfatt.com.my
7241,NEXTGREEN GLOBAL BERHAD,http://www.bhs.listedcompany.com
7215,NI HSIN RESOURCES BERHAD,http://www.ni-hsin.com
7139,NICHE CAPITAL EMAS HOLDINGS BERHAD,http://www.yikon.com.my/
0083,NOTION VTEC BERHAD,http://www.notionvtec.com
5047,NPC RESOURCES BERHAD,http://www.npc.com.my
5066,NTPM HOLDINGS BERHAD,http://www.ntpm.com.my
5025,NWP HOLDINGS BERHAD,http://www.nwp.com.my/
4944,NYLEX (MALAYSIA) BERHAD,http://www.nylex.com
5533,OCB BERHAD,http://www.ocbb.com.my
0049,OCEANCASH PACIFIC BERHAD,http://www.oceancash.com.my/
0172,OCK GROUP BERHAD,http://www.ock.com.my
7071,OCR GROUP BERHAD,http://www.ocrbhd.com/
7140,OKA CORPORATION BHD,http://www.oka.com.my/
3018,OLYMPIA INDUSTRIES BERHAD,http://www.oib.com.my
9008,OMESTI BERHAD,http://www.omesti.com
5260,ONLY WORLD GROUP HOLDINGS BERHAD,http://www.owg.com.my/
7107,ORIENTAL FOOD INDUSTRIES HOLDINGS BERHAD,http://www.ofih.com.my
4006,ORIENTAL HOLDINGS BERHAD,http://www.ohb.com.my
5827,ORIENTAL INTEREST BERHAD,http://www.oibgroup.com
5065,ORNAPAPER BERHAD,http://www.ornapaper.com
5053,OSK HOLDINGS BERHAD,http://www.oskgroup.com/
7225,P.A. RESOURCES BERHAD,http://www.pagroup.com.my
7095,P.I.E. INDUSTRIAL BERHAD,http://www.pieib.com.my
6009,PACIFIC & ORIENT BERHAD,http://www.pacific-orient.com
7052,PADINI HOLDINGS BERHAD,http://corporate.padini.com/
4081,PAN MALAYSIA CORPORATION BERHAD,http://www.pmcorporation.com.my
1287,PAN MALAYSIA HOLDINGS BERHAD,http://www.pmholdings.com.my
3719,PANASONIC MANUFACTURING MALAYSIA BERHAD,http://pmma.panasonic.com.my
8419,PANSAR BERHAD,http://www.pansar.com.my
5125,PANTECH GROUP HOLDINGS BERHAD,http://www.pantech-group.com
5022,PAOS HOLDINGS BERHAD,http://www.paos.com.my
3611,PARAGON GLOBE BERHAD,http://www.gbhgroup.com.my
9407,PARAGON UNION BERHAD,http://www.paragon.com.my
1724,PARAMOUNT CORPORATION BERHAD,https://www.pcb.my
5657,PARKSON HOLDINGS BERHAD,http://www.lion.com.my/parkson
6912,PASDEC HOLDINGS BERHAD,http://www.pasdec.com.my
5212,PAVILION REAL ESTATE INV TRUST,http://www.pavilion-reit.com
5041,PBA HOLDINGS BHD,http://www.pbahb.com.my
6068,PCCS GROUP BERHAD,http://www.pccsgroup.net
6254,PDZ HOLDINGS BHD,http://www.pdzlines.com
5271,PECCA GROUP BERHAD,https://www.peccaleather.com/
4464,PEGASUS HEIGHTS BERHAD,http://www.pegasusheights.com/
7190,PELANGI PUBLISHING GROUP BHD.,http://www.pelangipublishing.com
5231,PELIKAN INTERNATIONAL CORPORATION BERHAD,http://www.pelikan.com/
9997,PENSONIC HOLDINGS BERHAD,http://www.pensonic.com/
7160,PENTAMASTER CORPORATION BERHAD,http://www.pentamaster.com
8346,PERAK CORPORATION BERHAD,http://www.perakcorp.com.my/
0186,PERAK TRANSIT BERHAD,http://www.peraktransit.com.my
7108,PERDANA PETROLEUM BERHAD,http://www.petraperdana.com.my
0047,PERISAI PETROLEUM TEKNOLOGI BHD,http://www.perisai.biz/
7080,PERMAJU INDUSTRIES BERHAD,http://www.permaju.com.my
8311,PESONA METRO HOLDINGS BERHAD,http://www.pesona.com.my
5219,PESTECH INTERNATIONAL BERHAD,http://pestech-international.com/
5133,PETRA ENERGY BERHAD,http://www.petraenergy.com.my
3042,PETRON MALAYSIA REFINING & MARKETING BHD,http://www.petron.com.my
5183,PETRONAS CHEMICALS GROUP BERHAD,http://www.petronaschemicals.com
5681,PETRONAS DAGANGAN BHD,http://www.mymesra.com.my
6033,PETRONAS GAS BERHAD,http://www.petronasgas.com
7081,PHARMANIAGA BERHAD,http://www.pharmaniaga.com/ph/main.cfm
5622,PIMPINAN EHSAN BERHAD,https://www.pebhd.com.my 
1902,PINEHILL PACIFIC BERHAD,http://www.pinepac.com.my
9598,PINTARAS JAYA BHD,http://www.pintaras.com.my
7163,PJBUMI BERHAD,http://www.pjbumi.com.my
7055,PLB ENGINEERING BERHAD,http://www.plb.com.my
5075,PLENITUDE BERHAD,http://www.plenitude.com.my
9695,PLS PLANTATIONS BERHAD,http://www.limbongan.com
7172,PMB TECHNOLOGY BERHAD,http://www.pmbtechnology.com
6637,PNE PCB BERHAD,http://www.pne.com.sg
7088,POH HUAT RESOURCES HOLDINGS BERHAD,http://www.pohhuat.com
5080,POH KONG HOLDINGS BERHAD,http://www.pohkong.com.my
8117,POLY GLASS FIBRE (M) BERHAD,http://www.polyglass.com.my
4634,POS MALAYSIA BERHAD,http://www.pos.com.my
7237,POWER ROOT BERHAD,http://www.powerroot.com
4065,PPB GROUP BERHAD,http://www.ppbgroup.com
8869,PRESS METAL ALUMINIUM HOLDINGS BERHAD,http://www.pressmetal.com
9873,PRESTAR RESOURCES BERHAD,http://www.prestar.com.my
5204,PRESTARIANG BERHAD,http://www.prestariang.com.my
7168,PRG HOLDINGS BERHAD,http://www.prg.com.my/
7123,PRICEWORTH INTERNATIONAL BERHAD,http://www.pwpmalaysia.com.my/
7201,PROGRESSIVE IMPACT CORPORATION BERHAD,http://www.pic.com.my
8966,PROLEXUS BERHAD,http://www.prolexus.com.my
5070,PROTASCO BERHAD,http://www.protasco.com.my
5436,PERUSAHAAN SADUR TIMAH MALAYSIA (PERSTIMA) BHD,http://www.perstima.com.my
1295,PUBLIC BANK BERHAD,http://www.publicbank.com.my
8273,PUBLIC PACKAGES HOLDINGS BHD,http://www.pph.com.my
6807,PUNCAK NIAGA HOLDINGS BERHAD,http://www.puncakniaga.com.my
7134,PWF CORPORATION BERHAD,http://www.pwconsolidated.com.my
7084,QL RESOURCES BERHAD,http://www.ql.com.my/
7544,QUALITY CONCRETE HOLDINGS BERHAD,http://www.qchb.com.my
7498,RALCO CORPORATION BERHAD,http://www.ralcocorp.com.my/
5272,RANHILL HOLDINGS BERHAD,http://www.ranhill.com.my/
7765,RAPID SYNERGY BERHAD,http://www.rapidsynergy.com.my
9296,RCE CAPITAL BERHAD,http://www.rce.com.my
5256,REACH ENERGY BERHAD,http://www.reachenergy.com.my
5270,RED SENA BERHAD,http://www.redsena.com.my/
7232,RESINTECH BERHAD,http://www.resintechmalaysia.my/
9946,REX INDUSTRY BERHAD,http://www.rex.net.my
0037,RGB INTERNATIONAL BHD,http://www.rgbgames.com
9954,RGT BERHAD,http://www.rgtberhad.com 
1066,RHB BANK BERHAD,http://www.rhbgroup.com/
5278,RHONE MA HOLDINGS BERHAD,http://www.rhonema.com/
5113,RIMBUNAN SAWIT BERHAD,http://www.rsb.com.my/
2542,RIVERVIEW RUBBER ESTATES BERHAD,http://www.riverview.com.my
9741,ROHAS TECNIC BERHAD,http://www.rohastecnic.com/
7803,RUBBEREX CORPORATION (M) BERHAD,http://www.rubberex-corp.com.my
8567,SALCON BERHAD,http://www.salcon.com.my
0183,SALUTICA BERHAD,http://www.salutica.com
9822,SAM ENGINEERING & EQUIPMENT (M) BERHAD,http://www.sam-malaysia.com
5147,SAMCHEM HOLDINGS BERHAD,http://www.samchem.com.my/home/
7943,SAND NISKO CAPITAL BERHAD,http://www.lcfurniture.com/
5218,SAPURA ENERGY BERHAD,http://www.sapuraenergy.com/
7811,SAPURA INDUSTRIAL BERHAD,http://www.sapura.com.my/
4596,SAPURA RESOURCES BERHAD,http://www.sapura-resources.com/
5170,SARAWAK CABLE BERHAD,http://www.sarawakcable.com
9237,SARAWAK CONSOLIDATED INDUSTRIES BERHAD,http://www.scib.com.my
5126,SARAWAK OIL PALMS BERHAD,http://www.sop.com.my/
5135,SARAWAK PLANTATION BERHAD,http://www.spbgroup.com.my
5252,SASBADI HOLDINGS BERHAD,http://www.sasbadiholdings.com
5157,SAUDEE GROUP BERHAD,http://saudee.com/
5207,SBC CORPORATION BERHAD,http://www.sbcgroup.com.my
7239,SCANWOLF CORPORATION BERHAD,http://www.scanwolf.com
7247,SCGM BHD,http://www.scgmbhd.com
0099,SCICOM (MSC) BERHAD,http://www.scicom-intl.com
4731,SCIENTEX BERHAD,http://www.scientex.com.my
7045,SCOMI ENERGY SERVICES BHD,http://www.scomienergy.com.my
7158,SCOMI GROUP BERHAD,http://www.scomigroup.com.my
7073,SEACERA GROUP BERHAD,http://www.seacera.com.my
4286,SEAL INCORPORATED BERHAD,http://www.sib.com.my
5145,SEALINK INTERNATIONAL BERHAD,http://www.asiasealink.com
7053,SEE HUP CONSOLIDATED BERHAD,http://www.seehup.com.my
9792,SEG INTERNATIONAL BHD,http://www.segi.edu.my
2224,SELANGOR DREDGING BERHAD,http://www.sdb.com.my
9431,SENI JAYA CORPORATION BERHAD,http://www.senijayacorp.com
5213,SENTORIA GROUP BERHAD,http://www.sentoria.com.my
5279,SERBA DINAMIK HOLDINGS BERHAD,http://serbadinamik.com/
5163,SEREMBAN ENGINEERING BERHAD,http://www.seb.net.my
7180,SERN KOU RESOURCES BERHAD,http://www.sernkou.com
5517,SHANGRI-LA HOTELS (MALAYSIA) BERHAD,http://www.shangri-la.com
7412,SHH RESOURCES HOLDINGS BERHAD,http://www.shh.com.my
5173,SHIN YANG SHIPPING CORPORATION BERHAD,http://www.syshippingcorp.com.my/
6017,SHL CONSOLIDATED BHD,http://www.shlcb.com.my/
5181,SIG GASES BERHAD,http://www.siggases.com
7246,SIGNATURE INTERNATIONAL BERHAD,http://www.signaturekitchen.com.my
4197,SIME DARBY BERHAD,http://www.simedarby.com
5285,SIME DARBY PLANTATION BERHAD,http://www.simedarbyplantation.com/
5288,SIME DARBY PROPERTY BERHAD,https://www.simedarbyproperty.com/
4316,SIN HENG CHAN (MALAYA) BERHAD,http://www.shcm.com.my/
9776,SINMAH CAPITAL BERHAD,http://www.sinmah.com.my
2739,SINO HUA-AN INTERNATIONAL BERHAD,http://www.sinohuaan.com
8532,SINOTOP HOLDINGS BERHAD,http://www.sinotop.com.my
7115,SKB SHUTTERS CORPORATION BERHAD,http://www.skb-shutters.com
7155,SKP RESOURCES BHD,http://www.skpres.com
7248,SLP RESOURCES BERHAD,http://www.sinliplas.com.my
7132,SMIS CORPORATION BERHAD,http://www.smis.com.my
5242,SOLID AUTOMOTIVE BERHAD,http://www.solidautomotive.com
4375,SOUTH MALAYSIA INDUSTRIES BERHAD,http://www.smib.com.my
5134,SOUTHERN ACIDS (M) BERHAD,http://www.southernacids.com
5665,SOUTHERN STEEL BERHAD,http://www.southsteel.com/
8664,S P SETIA BERHAD,http://www.spsetia.com.my
7103,SPRITZER BHD,http://www.spritzer.com.my
6084,STAR MEDIA GROUP BERHAD,http://www.thestar.com.my
5006,STELLA HOLDINGS BERHAD,http://www.stella-holdings.com.my
6904,SUBUR TIASA HOLDINGS BERHAD,https://www.suburtiasa.com/
7207,SUCCESS TRANSFORMER CORPORATION BERHAD,http://www.stcgroup.com.my
1201,SUMATEC RESOURCES BERHAD,http://www.sumatec.com
2569,SUNGEI BAGAN RUBBER COMPANY (MALAYA) BERHAD,http://www.sungeibagan.com
3743,SUNSURIA BERHAD,http://www.sunsuria.com/
5211,SUNWAY BERHAD,http://www.sunway.com.my
5263,SUNWAY CONSTRUCTION GROUP BERHAD,http://www.suncon.com.my/
5176,SUNWAY REAL ESTATE INVESTMENT TRUST,http://www.sunwayreit.com
7235,SUPERLON HOLDINGS BERHAD,http://www.superlon.com.my
7106,SUPERMAX CORPORATION BERHAD,http://www.supermax.com.my
6521,SURIA CAPITAL HOLDINGS BERHAD,http://www.suriagroup.com.my/
7186,SWS CAPITAL BERHAD,http://www.swscap.com
6139,SYARIKAT TAKAFUL MALAYSIA KELUARGA BERHAD,http://www.takaful-malaysia.com.my
9717,SYCAL VENTURES BERHAD,http://www.sycalberhad.com
7082,SYF RESOURCES BERHAD,http://www.syf.com.my/
1538,SYMPHONY LIFE BERHAD,http://www.symphonylife.my
7228,T7 GLOBAL BERHAD,http://www.t7global.com.my/
5012,TA ANN HOLDINGS BERHAD,http://www.taann.com.my
4898,TA ENTERPRISE BERHAD,http://www.ta.com.my/
5158,TA GLOBAL BERHAD,http://www.taglobal.com.my/
7097,TA WIN HOLDINGS BERHAD,http://www.ta-win.com
4022,TADMAX RESOURCES BERHAD,http://www.tadmax.com.my
7211,TAFI INDUSTRIES BERHAD,http://www.tafi.com.my
2259,TALAM TRANSFORM BERHAD,http://www.ttransform.com.my
8524,TALIWORKS CORPORATION BERHAD,http://www.taliworks.com.my/
5191,TAMBUN INDAH LAND BERHAD,http://www.tambunindah.com
4405,TAN CHONG MOTOR HOLDINGS BERHAD,http://www.tanchonggroup.com/
2429,TANCO HOLDINGS BERHAD,http://www.tancoholdings.com
5149,TAS OFFSHORE BERHAD,http://www.tasoffshore.com
5140,TASCO BERHAD,http://www.tasco.com.my
4448,TASEK CORPORATION BERHAD,http://www.tasekcement.com
2054,TDM BERHAD,http://www.tdmberhad.com.my/
5289,TECHBOND GROUP BERHAD,http://www.techbond.com.my/
7439,TECK GUAN PERDANA BERHAD,http://www.teckguan.com/TGP
7200,TEK SENG HOLDINGS BERHAD,http://www.tekseng.com.my
4863,TELEKOM MALAYSIA BERHAD,http://www.tm.com.my
5347,TENAGA NASIONAL BHD,http://www.tnb.com.my
9369,TEO GUAN LEE CORPORATION BERHAD,http://www.tglcorp.com.my
7252,TEO SENG CAPITAL BERHAD,http://www.teoseng.com.my
8702,TEXCHEM RESOURCES BERHAD,http://www.texchemgroup.com
7206,TH HEAVY ENGINEERING BERHAD,http://www.ramunia.com
5112,TH PLANTATIONS BERHAD,http://thplantations.com.my/thp/
9075,THETA EDGE BERHAD,http://www.theta-edge.com/
7034,THONG GUAN INDUSTRIES BERHAD,http://www.thongguan.com
0012,THREE-A RESOURCES BERHAD,http://www.three-a.com.my
7889,THRIVEN GLOBAL BERHAD,http://thriven.com.my/
7374,TIEN WAH PRESS HOLDINGS BERHAD,http://www.tienwah.com
7079,TIGER SYNERGY BERHAD,http://www.tigersynergy.my/
7854,TIMBERWELL BERHAD,http://timwell.com.my/
5031,TIME DOTCOM BERHAD,http://www.time.com.my
8397,TIONG NAM LOGISTICS HOLDINGS BERHAD,http://www.tiongnam.com
5239,TITIJAYA LAND BERHAD,http://www.titijaya.com.my
0101,TMC LIFE SCIENCES BERHAD,http://www.tmclife.com
7230,TOMEI CONSOLIDATED BERHAD,http://www.tomei.com.my/
7285,TOMYPAK HOLDINGS BERHAD,http://www.tomypak.com.my
5010,TONG HERR RESOURCES BERHAD,http://tong.com.my/
7113,TOP GLOVE CORPORATION BHD,http://www.topglove.com/
5111,TOWER REAL ESTATE INVESTMENT TRUST,http://www.tower-reit.com.my
7173,TOYO INK GROUP BERHAD,http://www.toyoink.com.my
7176,TPC PLUS BERHAD,http://www.tpc.com.my
7218,TRANSOCEAN HOLDINGS BHD,http://www.transocean.com.my
5054,TRC SYNERGY BERHAD,http://www.trc.com.my
0118,TRIVE PROPERTY GROUP BERHAD,http://www.etitech.com.my
5401,TROPICANA CORPORATION BERHAD,http://www.dijaya.com.my
9059,TSH RESOURCES BERHAD,http://www.tsh.com.my
5042,TSR CAPITAL BERHAD,http://www.tsrcap.com.my
5230,TUNE PROTECT GROUP BERHAD,http://www.tuneinsurance.com
5167,TURBO-MECH BERHAD,http://www.turbomech.com.my
4359,TURIYA BERHAD,http://www.turiya.com.my
7100,UCHI TECHNOLOGIES BERHAD,http://www.uchi.net
1368,UEM EDGENTA BERHAD,http://www.uemedgenta.com
5148,UEM SUNRISE BERHAD,http://www.uemsunrise.com
7137,UMS HOLDINGS BERHAD,http://www.umsh.com
7227,UMS-NEIKEN GROUP BERHAD,http://www.ums-neiken.com/
4588,UMW HOLDINGS BERHAD,http://www.umw.com.my
7091,UNIMECH GROUP BERHAD,http://www.unimechgroup.com
5005,UNISEM (M) BERHAD,http://www.unisemgroup.com
2593,UNITED MALACCA BERHAD,http://www.unitedmalacca.com.my
2089,UNITED PLANTATIONS BERHAD,http://www.unitedplantations.com
7133,UNITED U-LI CORPORATION BERHAD,http://www.uli.com.my
5200,UOA DEVELOPMENT BHD,http://www.uoadev.com.my
5110,UOA REAL ESTATE INVESTMENT TRUST,http://www.uoareit.com.my
7757,UPA CORPORATION BHD,http://www.upa.com.my
5292,UWC BERHAD,https://www.uwcberhad.com.my/
7250,UZMA BERHAD,http://www.uzmagroup.com
6963,V.S. INDUSTRY BERHAD,http://www.vs-i.com
5243,VELESTO ENERGY BERHAD,http://www.umw-oilgas.com
4995,VERSATILE CREATIVE BERHAD,http://www.vc-b.com.my
7240,VERTICE BERHAD,http://www.voir.com.my
0097,VITROX CORPORATION BERHAD,http://www.vitrox.com/
7070,VIZIONE HOLDINGS BERHAD,http://www.vizione.com.my/
5162,VSTECS BERHAD,http://www.ecsm.com.my
5142,WAH SEONG CORPORATION BERHAD,http://www.wahseong.com
7203,WANG-ZHENG BERHAD,http://www.wangzhengberhad.com
5016,WARISAN TC HOLDINGS BERHAD,http://www.warisantc.com/
7226,WATTA HOLDING BERHAD,http://www.watta.com.my
3565,WCE HOLDINGS BERHAD,http://www.wcehb.com.my
9679,WCT HOLDINGS BERHAD,http://www.wct.com.my
0197,WEGMANS HOLDINGS BERHAD,http://wegmans.com.my/
7231,WELLCALL HOLDINGS BERHAD,http://wellcallholdings.com/
5246,WESTPORTS HOLDINGS BERHAD,http://www.westportsmalaysia.com
5009,WHITE HORSE BERHAD,http://www.whitehorse.com.my
7692,WIDETECH (MALAYSIA) BERHAD,http://www.widetechbhd.com.my 
0008,WILLOWGLEN MSC BERHAD,http://www.willowglen.com.my/
6378,WMG HOLDINGS BERHAD,http://www.wmghb.com.my/
7050,WONG ENGINEERING CORPORATION BERHAD,http://www.wec.com.my
7025,WOODLANDOR HOLDINGS BHD,http://www.woodlandor.com.my
4243,WTK HOLDINGS BERHAD,http://www.wtkholdings.com
7245,WZ SATU BERHAD,http://www.wengzheng.com/
7121,XIAN LENG HOLDINGS BERHAD,http://www.xianleng.com.my
5156,XIDELANG HOLDINGS LTD,http://www.xidelang.com/
5267,XIN HWA HOLDINGS BERHAD,http://www.xinhwa.com.my/
7003,Y&G CORPORATION BHD,http://www.ygcorp.com.my
7178,Y.S.P.SOUTHEAST ASIA HOLDING BERHAD,http://www.yspsah.com
5584,YEE LEE CORPORATION BHD,http://www.yeelee.com.my
5048,YI-LAI BERHAD,http://www.alpha-tiles.com.my
7293,YINSON HOLDINGS BERHAD,http://www.yinson.com.my
7020,YKGI HOLDINGS BERHAD,http://ykgigroup.com/ 
7014,YLI HOLDINGS BERHAD,http://www.yli.com.my
3158,YNH PROPERTY BERHAD,http://www.ynhb.com.my
7066,YONG TAI BERHAD,http://www.yongtai.com.my
5159,YOONG ONN CORPORATION BERHAD,http://yoongonn.com
4677,YTL CORPORATION BERHAD,http://www.ytl.com.my/
5109,YTL HOSPITALITY REIT,http://www.starhillreit.com/
6742,YTL POWER INTERNATIONAL BHD,http://www.ytl.com.my/index.asp
7028,ZECON BERHAD,http://www.zecon.com.my
2283,ZELAN BERHAD,http://www.zelan.com
5131,ZHULIAN CORPORATION BERHAD,http://www.zhulian.com
